t,p_x,p_y,p_z,q_w,q_x,q_y,q_z,v_x,v_y,v_z,w_x,w_y,w_z,a_lin_x,a_lin_y,a_lin_z
0,0,0,0,1,0,0,0,50,0,0,0,0,0,100,69.00161445011855,0
0.0099812753128258,0.5040450584848113,0.003437172482517907,0,1,0,0,0,50.99812753128258,0.6887241108560923,0,0,0,0,100,69.00161445011855,0
0.0199625506256516,1.018052702656665,0.01374868993007163,0,1,0,0,0,51.99625506256516,1.377448221712185,0,0,0,0,100,69.00161445011855,0
0.0299438259384774,1.542022932515562,0.03093455234266116,0,1,0,0,0,52.99438259384774,2.066172332568277,0,0,0,0,100,69.00161445011855,0
0.0399251012513032,2.0759557480615,0.05499475972028651,0,1,0,0,0,53.99251012513032,2.754896443424369,0,0,0,0,100,69.00161445011855,0
0.049906376564129,2.619851149294482,0.08592931206294765,0,1,0,0,0,54.9906376564129,3.443620554280461,0,0,0,0,100,69.00161445011855,0
0.0598876518769548,3.173709136214506,0.1237382093706446,0,1,0,0,0,55.98876518769548,4.132344665136554,0,0,0,0,100,69.00161445011855,0
0.06986892718978059,3.737529708821573,0.1684214516433774,0,1,0,0,0,56.98689271897806,4.821068775992646,0,0,0,0,100,69.00161445011855,0
0.0798502025026064,4.311312867115682,0.219979038881146,0,1,0,0,0,57.98502025026064,5.509792886848738,0,0,0,0,100,69.00161445011855,0
0.0898314778154322,4.895058611096834,0.2784109710839505,0,1,0,0,0,58.98314778154322,6.19851699770483,0,0,0,0,100,69.00161445011855,0
0.09981275312825799,5.488766940765029,0.3437172482517906,0,1,0,0,0,59.9812753128258,6.887241108560922,0,0,0,0,100,69.00161445011855,0
0.1097940284410838,6.092437856120266,0.4158978703846667,0,1,0,0,0,60.97940284410838,7.575965219417015,0,0,0,0,100,69.00161445011855,0
0.1197753037539096,6.706071357162546,0.4949528374825786,0,1,0,0,0,61.97753037539096,8.264689330273107,0,0,0,0,100,69.00161445011855,0
0.1297565790667354,7.329667443891868,0.5808821495455263,0,1,0,0,0,62.97565790667354,8.9534134411292,0,0,0,0,100,69.00161445011855,0
0.1397378543795612,7.963226116308232,0.6736858065735096,0,1,0,0,0,63.97378543795612,9.642137551985291,0,0,0,0,100,69.00161445011855,0
0.149719129692387,8.606747374411638,0.773363808566529,0,1,0,0,0,64.9719129692387,10.33086166284138,0,0,0,0,100,69.00161445011855,0
0.1597004050052128,9.25421436305329,0.8799161555245841,0,1,0,0,0,64.41867269773563,11.01958577369748,0,0,0,0,-100,69.00161445011855,0
0.1696816803180386,9.892213577692683,0.993342847447675,0,1,0,0,0,63.42054516645305,11.70830988455357,0,0,0,0,-100,69.00161445011855,0
0.1796629556308644,10.52025020664503,1.113643884335802,0,1,0,0,0,62.42241763517046,12.39703399540966,0,0,0,0,-100,69.00161445011855,0
0.1896442309436902,11.13832424991034,1.240819266188964,0,1,0,0,0,61.42429010388788,13.08575810626575,0,0,0,0,-100,69.00161445011855,0
0.199625506256516,11.7464357074886,1.374868993007162,0,1,0,0,0,60.42616257260531,13.77448221712184,0,0,0,0,-100,69.00161445011855,0
0.2096067815693418,12.34458457937983,1.515793064790397,0,1,0,0,0,59.42803504132273,14.46320632797794,0,0,0,0,-100,69.00161445011855,0
0.2195880568821676,12.93277086558401,1.663591481538667,0,1,0,0,0,58.42990751004015,15.15193043883403,0,0,0,0,-100,69.00161445011855,0
0.2295693321949934,13.51099456610114,1.818264243251973,0,1,0,0,0,57.43177997875756,15.84065454969012,0,0,0,0,-100,69.00161445011855,0
0.2395506075078192,14.07925568093124,1.979811349930314,0,1,0,0,0,56.43365244747498,16.52937866054621,0,0,0,0,-100,69.00161445011855,0
0.249531882820645,14.63755421007429,2.148232801573692,0,1,0,0,0,55.43552491619241,17.21810277140231,0,0,0,0,-100,69.00161445011855,0
0.2595131581334708,15.1858901535303,2.323528598182105,0,1,0,0,0,54.43739738490982,17.9068268822584,0,0,0,0,-100,69.00161445011855,0
0.2694944334462966,15.72426351129927,2.505698739755553,0,1,0,0,0,53.43926985362724,18.59555099311449,0,0,0,0,-100,69.00161445011855,0
0.2794757087591224,16.25267428338119,2.694743226294039,0,1,0,0,0,52.44114232234467,19.28427510397058,0,0,0,0,-100,69.00161445011855,0
0.2894569840719482,16.77112246977607,2.890662057797559,0,1,0,0,0,51.44301479106208,19.97299921482668,0,0,0,0,-100,69.00161445011855,0
0.299438259384774,17.27960807048391,3.093455234266116,0,1,0,0,0,50.44488725977951,20.66172332568277,0,0,0,0,-100,69.00161445011855,0
0.3094195346975998,17.77813108550471,3.303122755699709,0,1,0,0,0,49.44675972849692,21.35044743653886,0,0,0,0,-100,69.00161445011855,0
0.3194008100104256,18.26669151483846,3.519664622098337,0,1,0,0,0,48.44863219721434,22.03917154739495,0,0,0,0,-100,69.00161445011855,0
0.3293820853232514,18.74528935848517,3.743080833462,0,1,0,0,0,47.45050466593177,22.72789565825104,0,0,0,0,-100,69.00161445011855,0
0.3393633606360772,19.21392461644485,3.9733713897907,0,1,0,0,0,46.45237713464918,23.41661976910714,0,0,0,0,-100,69.00161445011855,0
0.349344635948903,19.67259728871747,4.210536291084435,0,1,0,0,0,45.45424960336661,24.10534387996323,0,0,0,0,-100,69.00161445011855,0
0.3593259112617288,20.12130737530305,4.454575537343207,0,1,0,0,0,44.45612207208403,24.79406799081932,0,0,0,0,-100,69.00161445011855,0
0.3693071865745546,20.56005487620159,4.705489128567014,0,1,0,0,0,43.45799454080145,25.48279210167541,0,0,0,0,-100,69.00161445011855,0
0.3792884618873804,20.98883979141309,4.963277064755856,0,1,0,0,0,42.45986700951887,26.1715162125315,0,0,0,0,-100,69.00161445011855,0
0.3892697372002062,21.40766212093755,5.227939345909737,0,1,0,0,0,41.46173947823628,26.8602403233876,0,0,0,0,-100,69.00161445011855,0
0.399251012513032,21.81652186477496,5.49947597202865,0,1,0,0,0,40.46361194695371,27.54896443424369,0,0,0,0,-100,69.00161445011855,0
0.4092322878258578,22.21541902292533,5.777886943112601,0,1,0,0,0,39.46548441567113,28.23768854509978,0,0,0,0,-100,69.00161445011855,0
0.4192135631386836,22.60435359538866,6.063172259161587,0,1,0,0,0,38.46735688438855,28.92641265595588,0,0,0,0,-100,69.00161445011855,0
0.4291948384515094,22.98332558216494,6.355331920175608,0,1,0,0,0,37.46922935310597,29.61513676681196,0,0,0,0,-100,69.00161445011855,0
0.4391761137643352,23.35233498325419,6.654365926154667,0,1,0,0,0,36.47110182182338,30.30386087766806,0,0,0,0,-100,69.00161445011855,0
0.449157389077161,23.71138179865639,6.96027427709876,0,1,0,0,0,35.4729742905408,30.99258498852415,0,0,0,0,-100,69.00161445011855,0
0.4591386643899868,24.06046602837155,7.273056973007891,0,1,0,0,0,34.47484675925823,31.68130909938025,0,0,0,0,-100,69.00161445011855,0
0.4691199397028126,24.39958767239966,7.592714013882055,0,1,0,0,0,33.47671922797565,32.37003321023634,0,0,0,0,-100,69.00161445011855,0
0.4791012150156384,24.72874673074074,7.919245399721257,0,1,0,0,0,32.47859169669307,33.05875732109243,0,0,0,0,-100,69.00161445011855,0
0.4890824903284642,25.04794320339477,8.24776177677148,0,1,0,0,0,31.48046416541049,32.58580453600074,0,0,0,0,-100,-69.00161445011855,0
0.49906376564129,25.35717709036176,8.56957249065271,0,1,0,0,0,30.48233663412791,31.89708042514466,0,0,0,0,-100,-69.00161445011855,0
0.5090450409541157,25.6564483916417,8.884508859568909,0,1,0,0,0,29.48420910284533,31.20835631428857,0,0,0,0,-100,-69.00161445011855,0
0.5190263162669416,25.9457571072346,9.192570883520073,0,1,0,0,0,28.48608157156274,30.51963220343247,0,0,0,0,-100,-69.00161445011855,0
0.5290075915797674,26.22510323714046,9.493758562506198,0,1,0,0,0,27.48795404028017,29.83090809257638,0,0,0,0,-100,-69.00161445011855,0
0.5389888668925932,26.49448678135928,9.788071896527287,0,1,0,0,0,26.48982650899759,29.14218398172029,0,0,0,0,-100,-69.00161445011855,0
0.548970142205419,26.75390773989105,10.07551088558334,0,1,0,0,0,25.49169897771501,28.45345987086419,0,0,0,0,-100,-69.00161445011855,0
0.5589514175182447,27.00336611273578,10.35607552967436,0,1,0,0,0,24.49357144643243,27.7647357600081,0,0,0,0,-100,-69.00161445011855,0
0.5689326928310706,27.24286189989348,10.62976582880034,0,1,0,0,0,23.49544391514984,27.07601164915201,0,0,0,0,-100,-69.00161445011855,0
0.5789139681438964,27.47239510136413,10.89658178296129,0,1,0,0,0,22.49731638386726,26.38728753829592,0,0,0,0,-100,-69.00161445011855,0
0.5888952434567222,27.69196571714773,11.1565233921572,0,1,0,0,0,21.49918885258469,25.69856342743983,0,0,0,0,-100,-69.00161445011855,0
0.5988765187695479,27.90157374724429,11.40959065638808,0,1,0,0,0,20.50106132130211,25.00983931658374,0,0,0,0,-100,-69.00161445011855,0
0.6088577940823737,28.10121919165381,11.65578357565391,0,1,0,0,0,19.50293379001953,24.32111520572764,0,0,0,0,-100,-69.00161445011855,0
0.6188390693951996,28.29090205037629,11.89510214995472,0,1,0,0,0,18.50480625873694,23.63239109487154,0,0,0,0,-100,-69.00161445011855,0
0.6288203447080254,28.47062232341172,12.12754637929049,0,1,0,0,0,17.50667872745436,22.94366698401545,0,0,0,0,-100,-69.00161445011855,0
0.6388016200208512,28.64038001076011,12.35311626366122,0,1,0,0,0,16.50855119617179,22.25494287315937,0,0,0,0,-100,-69.00161445011855,0
0.6487828953336769,28.80017511242146,12.57181180306691,0,1,0,0,0,15.51042366488921,21.56621876230327,0,0,0,0,-100,-69.00161445011855,0
0.6587641706465027,28.95000762839576,12.78363299750757,0,1,0,0,0,14.51229613360664,20.87749465144718,0,0,0,0,-100,-69.00161445011855,0
0.6687454459593286,29.08987755868303,12.9885798469832,0,1,0,0,0,13.51416860232405,20.18877054059108,0,0,0,0,-100,-69.00161445011855,0
0.6787267212721544,29.21978490328325,13.18665235149379,0,1,0,0,0,12.51604107104146,19.50004642973499,0,0,0,0,-100,-69.00161445011855,0
0.6887079965849802,29.33972966219643,13.37785051103934,0,1,0,0,0,11.51791353975889,18.8113223188789,0,0,0,0,-100,-69.00161445011855,0
0.6986892718978059,29.44971183542257,13.56217432561986,0,1,0,0,0,10.5197860084763,18.12259820802281,0,0,0,0,-100,-69.00161445011855,0
0.7086705472106317,29.54973142296166,13.73962379523534,0,1,0,0,0,9.521658477193739,17.43387409716672,0,0,0,0,-100,-69.00161445011855,0
0.7186518225234576,29.63978842481371,13.91019891988578,0,1,0,0,0,8.523530945911148,16.74514998631062,0,0,0,0,-100,-69.00161445011855,0
0.7286330978362834,29.71988284097872,14.07389969957119,0,1,0,0,0,7.525403414628563,16.05642587545453,0,0,0,0,-100,-69.00161445011855,0
0.7386143731491092,29.79001467145669,14.23072613429157,0,1,0,0,0,6.527275883345993,15.36770176459844,0,0,0,0,-100,-69.00161445011855,0
0.7485956484619349,29.85018391624761,14.3806782240469,0,1,0,0,0,5.529148352063402,14.67897765374235,0,0,0,0,-100,-69.00161445011855,0
0.7585769237747607,29.90039057535149,14.52375596883721,0,1,0,0,0,4.531020820780839,13.99025354288626,0,0,0,0,-100,-69.00161445011855,0
0.7685581990875866,29.94063464876833,14.65995936866247,0,1,0,0,0,3.532893289498247,13.30152943203016,0,0,0,0,-100,-69.00161445011855,0
0.7785394744004124,29.97091613649813,14.78928842352271,0,1,0,0,0,2.534765758215663,12.61280532117407,0,0,0,0,-100,-69.00161445011855,0
0.7885207497132382,29.99123503854088,14.9117431334179,0,1,0,0,0,1.536638226933093,11.92408121031798,0,0,0,0,-100,-69.00161445011855,0
0.7985020250260639,30.00159135489659,15.0277331466184,0,1,0,0,0,0.5385106956505034,11.5747472058097,0,0,0,0,-100,71.58929319714279,0
0.8084833003388897,30.00198508556526,15.14682995749471,0,1,0,0,0,-0.4596168356320743,12.28929965066099,0,0,0,0,-100,71.58929319714279,0
0.8184645756517156,29.99241623054688,15.27305891304852,0,1,0,0,0,-1.457744366914663,13.00385209551228,0,0,0,0,-100,71.58929319714279,0
0.8284458509645414,29.97288478984147,15.40642001327986,0,1,0,0,0,-2.455871898197241,13.71840454036357,0,0,0,0,-100,71.58929319714279,0
0.8384271262773672,29.943390763449,15.5469132581887,0,1,0,0,0,-3.453999429479819,14.43295698521486,0,0,0,0,-100,71.58929319714279,0
0.8484084015901929,29.9039341513695,15.69453864777506,0,1,0,0,0,-4.452126960762397,15.14750943006615,0,0,0,0,-100,71.58929319714279,0
0.8583896769030187,29.85451495360296,15.84929618203893,0,1,0,0,0,-5.450254492044974,15.86206187491744,0,0,0,0,-100,71.58929319714279,0
0.8683709522158446,29.79513317014937,16.01118586098032,0,1,0,0,0,-6.448382023327563,16.57661431976873,0,0,0,0,-100,71.58929319714279,0
0.8783522275286704,29.72578880100874,16.18020768459921,0,1,0,0,0,-7.446509554610141,17.29116676462002,0,0,0,0,-100,71.58929319714279,0
0.8883335028414961,29.64648184618106,16.35636165289563,0,1,0,0,0,-8.444637085892717,18.00571920947131,0,0,0,0,-100,71.58929319714279,0
0.8983147781543219,29.55721230566635,16.53964776586955,0,1,0,0,0,-9.442764617175294,18.72027165432259,0,0,0,0,-100,71.58929319714279,0
0.9082960534671477,29.4579801794646,16.73006602352099,0,1,0,0,0,-10.44089214845787,19.43482409917388,0,0,0,0,-100,71.58929319714279,0
0.9182773287799736,29.34878546757579,16.92761642584994,0,1,0,0,0,-11.43901967974046,20.14937654402518,0,0,0,0,-100,71.58929319714279,0
0.9282586040927994,29.22962816999995,17.13229897285641,0,1,0,0,0,-12.43714721102304,20.86392898887647,0,0,0,0,-100,71.58929319714279,0
0.9382398794056251,29.10050828673706,17.34411366454039,0,1,0,0,0,-13.43527474230562,21.57848143372775,0,0,0,0,-100,71.58929319714279,0
0.9482211547184509,28.96142581778713,17.56306050090188,0,1,0,0,0,-14.43340227358819,22.29303387857904,0,0,0,0,-100,71.58929319714279,0
0.9582024300312768,28.81238076315016,17.78913948194089,0,1,0,0,0,-15.43152980487078,23.00758632343034,0,0,0,0,-100,71.58929319714279,0
0.9681837053441026,28.65337312282615,18.02235060765742,0,1,0,0,0,-16.42965733615336,23.72213876828162,0,0,0,0,-100,71.58929319714279,0
0.9781649806569284,28.48440289681509,18.26269387805145,0,1,0,0,0,-17.42778486743594,24.43669121313291,0,0,0,0,-100,71.58929319714279,0
0.9881462559697541,28.30547008511699,18.510169293123,0,1,0,0,0,-18.42591239871852,25.1512436579842,0,0,0,0,-100,71.58929319714279,0
0.9981275312825799,28.11657468773186,18.76477685287205,0,1,0,0,0,-19.4240399300011,25.86579610283549,0,0,0,0,-100,71.58929319714279,0
1.008108806595406,27.91771670465967,19.02651655729863,0,1,0,0,0,-20.42216746128368,26.58034854768678,0,0,0,0,-100,71.58929319714279,0
1.018090081908231,27.70889613590045,19.29538840640272,0,1,0,0,0,-21.42029499256625,27.29490099253806,0,0,0,0,-100,71.58929319714279,0
1.028071357221057,27.49011298145417,19.57139240018432,0,1,0,0,0,-22.41842252384884,28.00945343738936,0,0,0,0,-100,71.58929319714279,0
1.038052632533883,27.26398522681134,19.85452853864344,0,1,0,0,0,-22.39322498644975,28.72400588224065,0,0,0,0,100,71.58929319714279,0
1.048033907846709,27.04545357592306,20.14479682178006,0,1,0,0,0,-21.39509745516718,29.43855832709193,0,0,0,0,100,71.58929319714279,0
1.058015183159535,26.83688451072182,20.44219724959421,0,1,0,0,0,-20.39696992388459,30.15311077194323,0,0,0,0,100,71.58929319714279,0
1.06799645847236,26.63827803120762,20.74672982208586,0,1,0,0,0,-19.39884239260202,30.86766321679451,0,0,0,0,100,71.58929319714279,0
1.077977733785186,26.44963413738046,21.05839453925503,0,1,0,0,0,-18.40071486131944,31.5822156616458,0,0,0,0,100,71.58929319714279,0
1.087959009098012,26.27095282924035,21.37719140110172,0,1,0,0,0,-17.40258733003684,32.2967681064971,0,0,0,0,100,71.58929319714279,0
1.097940284410838,26.10223410678728,21.7031204076259,0,1,0,0,0,-16.40445979875428,33.01132055134838,0,0,0,0,100,71.58929319714279,0
1.107921559723664,25.94347797002126,22.03618155882762,0,1,0,0,0,-15.40633226747169,33.72587299619968,0,0,0,0,100,71.58929319714279,0
1.117902835036489,25.79468441894227,22.37637485470684,0,1,0,0,0,-14.40820473618912,34.44042544105096,0,0,0,0,100,71.58929319714279,0
1.127884110349315,25.65585345355032,22.72370029526357,0,1,0,0,0,-13.41007720490654,35.15497788590225,0,0,0,0,100,71.58929319714279,0
1.137865385662141,25.52698507384543,23.07815788049783,0,1,0,0,0,-12.41194967362395,35.86953033075355,0,0,0,0,100,71.58929319714279,0
1.147846660974967,25.40807927982757,23.43974761040959,0,1,0,0,0,-11.41382214234138,36.58408277560483,0,0,0,0,100,71.58929319714279,0
1.157827936287793,25.29913607149675,23.80286072540426,0,1,0,0,0,-10.41569461105879,36.03131184405922,0,0,0,0,100,-71.58929319714279,0
1.167809211600618,25.20015544885298,24.15893309646334,0,1,0,0,0,-9.417567079776225,35.31675939920794,0,0,0,0,100,-71.58929319714279,0
1.177790486913444,25.11113741189625,24.5078733228449,0,1,0,0,0,-8.419439548493635,34.60220695435664,0,0,0,0,100,-71.58929319714279,0
1.18777176222627,25.03208196062656,24.84968140454896,0,1,0,0,0,-7.421312017211047,33.88765450950535,0,0,0,0,100,-71.58929319714279,0
1.197753037539096,24.96298909504392,25.18687045090331,0,1,0,0,0,-6.42318448592848,34.08290682628854,0,0,0,0,100,93.09608183405139,0
1.207734312851922,24.90385881514831,25.53169871585989,0,1,0,0,0,-5.425056954645891,35.01212444961958,0,0,0,0,100,93.09608183405139,0
1.217715588164747,24.85469112093975,25.88580175774046,0,1,0,0,0,-4.426929423363324,35.94134207295059,0,0,0,0,100,93.09608183405139,0
1.227696863477573,24.81548601241824,26.24917957654503,0,1,0,0,0,-3.428801892080735,36.87055969628162,0,0,0,0,100,93.09608183405139,0
1.237678138790399,24.78624348958376,26.6218321722736,0,1,0,0,0,-2.430674360798147,37.79977731961266,0,0,0,0,100,93.09608183405139,0
1.247659414103225,24.76696355243633,27.00375954492615,0,1,0,0,0,-1.43254682951558,38.72899494294368,0,0,0,0,100,93.09608183405139,0
1.257640689416051,24.75764620097594,27.39496169450271,0,1,0,0,0,-0.4344192982329913,39.65821256627471,0,0,0,0,100,93.09608183405139,0
1.267621964728876,24.75829143520259,27.79543862100326,0,1,0,0,0,0.5637082330495753,40.58743018960573,0,0,0,0,100,93.09608183405139,0
1.277603240041702,24.76889925511629,28.20519032442781,0,1,0,0,0,1.561835764332164,41.51664781293676,0,0,0,0,100,93.09608183405139,0
1.287584515354528,24.78946966071703,28.62421680477637,0,1,0,0,0,2.559963295614754,42.44586543626779,0,0,0,0,100,93.09608183405139,0
1.297565790667354,24.82000265200481,29.0525180620489,0,1,0,0,0,3.55809082689732,43.37508305959881,0,0,0,0,100,93.09608183405139,0
1.30754706598018,24.86049822897963,29.49009409624545,0,1,0,0,0,4.556218358179908,44.30430068292985,0,0,0,0,100,93.09608183405139,0
1.317528341293005,24.9109563916415,29.93694490736598,0,1,0,0,0,5.554345889462475,45.23351830626086,0,0,0,0,100,93.09608183405139,0
1.327509616605831,24.97137713999041,30.39307049541052,0,1,0,0,0,6.552473420745063,46.1627359295919,0,0,0,0,100,93.09608183405139,0
1.337490891918657,25.04176047402636,30.85847086037905,0,1,0,0,0,7.550600952027652,47.09195355292294,0,0,0,0,100,93.09608183405139,0
1.347472167231483,25.12210639374935,31.33225690137998,0,1,0,0,0,8.548728483310219,47.44576937103265,0,0,0,0,100,-93.09608183405139,0
1.357453442544309,25.21241489915939,31.8011887994391,0,1,0,0,0,9.546856014592809,46.51655174770162,0,0,0,0,100,-93.09608183405139,0
1.367434717857134,25.31268599025647,32.26084592057421,0,1,0,0,0,10.54498354587538,45.58733412437061,0,0,0,0,100,-93.09608183405139,0
1.37741599316996,25.42291966704059,32.71122826478534,0,1,0,0,0,11.54311107715796,44.65811650103957,0,0,0,0,100,-93.09608183405139,0
1.387397268482786,25.54311592951176,33.15233583207247,0,1,0,0,0,12.54123860844055,43.72889887770854,0,0,0,0,100,-93.09608183405139,0
1.397378543795612,25.67327477766996,33.58416862243559,0,1,0,0,0,13.53936613972312,42.79968125437752,0,0,0,0,100,-93.09608183405139,0
1.407359819108438,25.81339621151521,34.00672663587473,0,1,0,0,0,14.53749367100571,41.87046363104648,0,0,0,0,100,-93.09608183405139,0
1.417341094421263,25.9634802310475,34.42000987238986,0,1,0,0,0,15.53562120228827,40.94124600771547,0,0,0,0,100,-93.09608183405139,0
1.427322369734089,26.12352683626683,34.824018331981,0,1,0,0,0,16.53374873357086,40.01202838438444,0,0,0,0,100,-93.09608183405139,0
1.437303645046915,26.29353602717322,35.21875201464815,0,1,0,0,0,17.53187626485345,39.08281076105339,0,0,0,0,100,-93.09608183405139,0
1.447284920359741,26.47350780376663,35.6042109203913,0,1,0,0,0,18.53000379613602,38.15359313772238,0,0,0,0,100,-93.09608183405139,0
1.457266195672567,26.6634421660471,35.98039504921044,0,1,0,0,0,19.52813132741861,37.22437551439135,0,0,0,0,100,-93.09608183405139,0
1.467247470985392,26.8633391140146,36.3473044011056,0,1,0,0,0,20.52625885870117,36.29515789106033,0,0,0,0,100,-93.09608183405139,0
1.477228746298218,27.07319864766914,36.70493897607675,0,1,0,0,0,21.52438638998376,35.36594026772929,0,0,0,0,100,-93.09608183405139,0
1.487210021611044,27.29302076701074,37.05329877412392,0,1,0,0,0,22.52251392126635,34.43672264439826,0,0,0,0,100,-93.09608183405139,0
1.49719129692387,27.52280547203937,37.39238379524708,0,1,0,0,0,23.52064145254892,33.50750502106725,0,0,0,0,100,-93.09608183405139,0
1.507172572236696,27.76255276275505,37.72219403944624,0,1,0,0,0,24.51876898383151,32.57828739773621,0,0,0,0,100,-93.09608183405139,0
1.517153847549521,28.01226263915776,38.04272950672141,0,1,0,0,0,25.51689651511407,31.64906977440519,0,0,0,0,100,-93.09608183405139,0
1.527135122862347,28.27193510124752,38.35399019707258,0,1,0,0,0,26.51502404639666,30.71985215107416,0,0,0,0,100,-93.09608183405139,0
1.537116398175173,28.54157014902432,38.65597611049976,0,1,0,0,0,27.51315157767925,29.79063452774312,0,0,0,0,100,-93.09608183405139,0
1.547097673487999,28.82116778248817,38.94868724700294,0,1,0,0,0,28.51127910896182,28.86141690441211,0,0,0,0,100,-93.09608183405139,0
1.557078948800825,29.11072800163906,39.23212360658213,0,1,0,0,0,29.5094066402444,27.93219928108107,0,0,0,0,100,-93.09608183405139,0
1.56706022411365,29.41025080647698,39.50628518923731,0,1,0,0,0,30.50753417152697,27.00298165775006,0,0,0,0,100,-93.09608183405139,0
1.577041499426476,29.71973619700196,39.7711719949685,0,1,0,0,0,31.50566170280957,26.07376403441902,0,0,0,0,100,-93.09608183405139,0
1.587022774739302,30.03304316280419,40.0267990215639,0,1,0,0,0,31.13476261356342,25.1727613470024,0,0,0,0,100,-66.55608146457159,0
1.597004050052128,30.34878909309317,40.27473992962946,0,1,0,0,0,32.13289014484599,24.50844677416166,0,0,0,0,100,-66.55608146457159,0
1.606985325364954,30.67449760906918,40.51605013104918,0,1,0,0,0,33.13101767612857,23.8441322013209,0,0,0,0,100,-66.55608146457159,0
1.616966600677779,31.01016871073224,40.75072962582306,0,1,0,0,0,34.12914520741114,23.17981762848016,0,0,0,0,100,-66.55608146457159,0
1.626947875990605,31.35580239808234,40.97877841395109,0,1,0,0,0,35.12727273869373,22.5155030556394,0,0,0,0,100,-66.55608146457159,0
1.636929151303431,31.71139867111949,41.20019649543327,0,1,0,0,0,36.12540026997632,21.85118848279865,0,0,0,0,100,-66.55608146457159,0
1.646910426616257,32.07695752984367,41.41498387026961,0,1,0,0,0,37.12352780125889,21.1868739099579,0,0,0,0,100,-66.55608146457159,0
1.656891701929083,32.4524789742549,41.62314053846011,0,1,0,0,0,38.12165533254147,20.52255933711715,0,0,0,0,100,-66.55608146457159,0
1.666872977241908,32.83796300435317,41.82466650000475,0,1,0,0,0,39.11978286382404,19.85824476427641,0,0,0,0,100,-66.55608146457159,0
1.676854252554734,33.23340962013849,42.01956175490356,0,1,0,0,0,40.11791039510663,19.19393019143565,0,0,0,0,100,-66.55608146457159,0
1.68683552786756,33.63881882161085,42.20782630315651,0,1,0,0,0,41.11603792638922,18.52961561859489,0,0,0,0,100,-66.55608146457159,0
1.696816803180386,34.05419060877024,42.38946014476362,0,1,0,0,0,42.11416545767179,17.86530104575415,0,0,0,0,100,-66.55608146457159,0
1.706798078493212,34.47952498161668,42.56446327972488,0,1,0,0,0,43.11229298895437,17.20098647291339,0,0,0,0,100,-66.55608146457159,0
1.716779353806037,34.91482194015017,42.73283570804031,0,1,0,0,0,44.11042052023694,16.53667190007265,0,0,0,0,100,-66.55608146457159,0
1.726760629118863,35.3600814843707,42.89457742970988,0,1,0,0,0,45.10854805151953,15.87235732723189,0,0,0,0,100,-66.55608146457159,0
1.736741904431689,35.81530361427827,43.0496884447336,0,1,0,0,0,46.10667558280212,15.20804275439114,0,0,0,0,100,-66.55608146457159,0
1.746723179744515,36.28048832987287,43.19816875311147,0,1,0,0,0,47.10480311408469,14.54372818155039,0,0,0,0,100,-66.55608146457159,0
1.756704455057341,36.75563563115453,43.34001835484352,0,1,0,0,0,48.10293064536727,13.87941360870964,0,0,0,0,100,-66.55608146457159,0
1.766685730370166,37.24074551812322,43.47523724992971,0,1,0,0,0,49.10105817664984,13.21509903586889,0,0,0,0,100,-66.55608146457159,0
1.776667005682992,37.73581799077897,43.60382543837005,0,1,0,0,0,50.09918570793243,12.55078446302814,0,0,0,0,100,-66.55608146457159,0
1.786648280995818,38.24085304912175,43.72578292016455,0,1,0,0,0,51.09731323921501,11.88646989018738,0,0,0,0,100,-66.55608146457159,0
1.796629556308644,38.75585069315157,43.84110969531319,0,1,0,0,0,52.09544077049759,11.22215531734664,0,0,0,0,100,-66.55608146457159,0
1.80661083162147,39.28081092286844,43.949805763816,0,1,0,0,0,53.09356830178017,10.55784074450588,0,0,0,0,100,-66.55608146457159,0
1.816592106934295,39.81573373827235,44.05187112567296,0,1,0,0,0,54.09169583306274,9.893526171665137,0,0,0,0,100,-66.55608146457159,0
1.826573382247121,40.36061913936331,44.14730578088407,0,1,0,0,0,55.08982336434533,9.229211598824381,0,0,0,0,100,-66.55608146457159,0
1.836554657559947,40.91546712614131,44.23610972944935,0,1,0,0,0,56.08795089562791,8.564897025983623,0,0,0,0,100,-66.55608146457159,0
1.846535932872773,41.48027769860634,44.31828297136877,0,1,0,0,0,57.08607842691048,7.900582453142881,0,0,0,0,100,-66.55608146457159,0
1.856517208185599,42.04639307773944,44.39382550664234,0,1,0,0,0,56.22326221707836,7.236267880302123,0,0,0,0,-100,-66.55608146457159,0
1.866498483498424,42.60259164406977,44.46273733527008,0,1,0,0,0,55.2251346857958,6.571953307461381,0,0,0,0,-100,-66.55608146457159,0
1.87647975881125,43.14882762471306,44.52501845725196,0,1,0,0,0,54.22700715451321,5.907638734620626,0,0,0,0,-100,-66.55608146457159,0
1.886461034124076,43.68510101966932,44.580668872588,0,1,0,0,0,53.22887962323063,5.243324161779867,0,0,0,0,-100,-66.55608146457159,0
1.896442309436902,44.21141182893852,44.62968858127819,0,1,0,0,0,52.23075209194806,4.579009588939126,0,0,0,0,-100,-66.55608146457159,0
1.906423584749728,44.72776005252069,44.67207758332255,0,1,0,0,0,51.23262456066546,3.914695016098367,0,0,0,0,-100,-66.55608146457159,0
1.916404860062554,45.23414569041581,44.70783587872105,0,1,0,0,0,50.23449702938288,3.250380443257612,0,0,0,0,-100,-66.55608146457159,0
1.926386135375379,45.73056874262388,44.7369634674737,0,1,0,0,0,49.23636949810031,2.586065870416867,0,0,0,0,-100,-66.55608146457159,0
1.936367410688205,46.21702920914493,44.75946034958051,0,1,0,0,0,48.23824196681772,1.921751297576112,0,0,0,0,-100,-66.55608146457159,0
1.946348686001031,46.69352708997891,44.77532652504147,0,1,0,0,0,47.24011443553515,1.257436724735371,0,0,0,0,-100,-66.55608146457159,0
1.956329961313857,47.16006238512587,44.78532655425976,0,1,0,0,0,46.24198690425257,1.044281301099034,0,0,0,0,-100,66.55608146457159,0
1.966311236626683,47.61663509458578,44.79906516675299,0,1,0,0,0,45.24385937296998,1.708595873939792,0,0,0,0,-100,66.55608146457159,0
1.976292511939508,48.06324521835865,44.81943448589207,0,1,0,0,0,44.24573184168741,2.372910446780534,0,0,0,0,-100,66.55608146457159,0
1.986273787252334,48.49989275644447,44.84643451167698,0,1,0,0,0,43.24760431040482,3.037225019621291,0,0,0,0,-100,66.55608146457159,0
1.99625506256516,48.92657770884325,44.88006524410775,0,1,0,0,0,42.24947677912225,3.701539592462033,0,0,0,0,-100,66.55608146457159,0
2.006236337877985,49.34330007555498,44.92032668318436,0,1,0,0,0,41.25134924783969,4.365854165302776,0,0,0,0,-100,66.55608146457159,0
2.016217613190812,49.75005985657968,44.96721882890682,0,1,0,0,0,40.25322171655708,5.030168738143548,0,0,0,0,-100,66.55608146457159,0
2.026198888503637,50.14820604414123,45.01958711619815,0,1,0,0,0,39.97968943566372,5.074322307671155,0,0,0,0,94.60389303408218,-99.99999999999993,0
2.036180163816463,50.55196682827325,45.06525403133352,0,1,0,0,0,40.92395693770201,4.076194776388589,0,0,0,0,94.60389303408218,-99.99999999999993,0
2.046161439129289,50.9651526063121,45.10095836078183,0,1,0,0,0,41.86822443974034,3.078067245105979,0,0,0,0,94.60389303408218,-99.99999999999993,0
2.056142714442115,51.38776337825772,45.1267001045431,0,1,0,0,0,42.81249194177862,2.079939713823413,0,0,0,0,94.60389303408218,-99.99999999999993,0
2.06612398975494,51.81979914411014,45.14247926261734,0,1,0,0,0,43.7567594438169,1.081812182540847,0,0,0,0,94.60389303408218,-99.99999999999993,0
2.076105265067766,52.26125990386938,45.14829583500452,0,1,0,0,0,44.70102694585523,0.08368465125823654,0,0,0,0,94.60389303408218,-99.99999999999993,0
2.086086540380592,52.7121456575354,45.14414982170467,0,1,0,0,0,45.64529444789352,-0.9144428800243292,0,0,0,0,94.60389303408218,-99.99999999999993,0
2.096067815693418,53.17245640510822,45.13004122271777,0,1,0,0,0,46.5895619499318,-1.912570411306895,0,0,0,0,94.60389303408218,-99.99999999999993,0
2.106049091006243,53.64219214658783,45.10597003804383,0,1,0,0,0,47.53382945197009,-2.910697942589461,0,0,0,0,94.60389303408218,-99.99999999999993,0
2.11603036631907,54.12135288197427,45.07193626768284,0,1,0,0,0,48.47809695400841,-3.908825473872071,0,0,0,0,94.60389303408218,-99.99999999999993,0
2.126011641631895,54.60993861126748,45.02793991163482,0,1,0,0,0,49.42236445604669,-4.906953005154637,0,0,0,0,94.60389303408218,-99.99999999999993,0
2.135992916944721,55.10794933446749,44.97398096989976,0,1,0,0,0,50.36663195808498,-5.905080536437202,0,0,0,0,94.60389303408218,-99.99999999999993,0
2.145974192257547,55.61538505157432,44.91005944247764,0,1,0,0,0,51.31089946012331,-6.903208067719813,0,0,0,0,94.60389303408218,-99.99999999999993,0
2.155955467570373,56.13224576258794,44.83617532936849,0,1,0,0,0,52.25516696216159,-7.90133559900238,0,0,0,0,94.60389303408218,-99.99999999999993,0
2.165936742883198,56.65853146750834,44.7523286305723,0,1,0,0,0,53.19943446419988,-8.899463130284945,0,0,0,0,94.60389303408218,-99.99999999999993,0
2.175918018196024,57.19424216633557,44.65851934608906,0,1,0,0,0,54.1437019662382,-9.897590661567556,0,0,0,0,94.60389303408218,-99.99999999999993,0
2.18589929350885,57.73937785906957,44.55474747591877,0,1,0,0,0,55.08796946827648,-10.89571819285012,0,0,0,0,94.60389303408218,-99.99999999999993,0
2.195880568821676,58.29144404409868,44.44101302006145,0,1,0,0,0,55.06066182932743,-11.89384572413269,0,0,0,0,-94.60389303408218,-99.99999999999993,0
2.205861844134501,58.83630717177018,44.31731597851709,0,1,0,0,0,54.11639432728915,-12.89197325541525,0,0,0,0,-94.60389303408218,-99.99999999999993,0
2.215843119447328,59.37174530553492,44.18365635128568,0,1,0,0,0,53.17212682525082,-13.89010078669786,0,0,0,0,-94.60389303408218,-99.99999999999993,0
2.225824394760153,59.89775844539283,44.04003413836723,0,1,0,0,0,52.22785932321253,-14.88822831798043,0,0,0,0,-94.60389303408218,-99.99999999999993,0
2.235805670072979,60.41434659134394,43.88644933976174,0,1,0,0,0,51.28359182117426,-15.88635584926299,0,0,0,0,-94.60389303408218,-99.99999999999993,0
2.245786945385805,60.92150974338828,43.7229019554692,0,1,0,0,0,50.33932431913593,-16.88448338054561,0,0,0,0,-94.60389303408218,-99.99999999999993,0
2.255768220698631,61.41924790152579,43.54939198548962,0,1,0,0,0,49.39505681709764,-17.88261091182817,0,0,0,0,-94.60389303408218,-99.99999999999993,0
2.265749496011456,61.90756106575652,43.36591942982301,0,1,0,0,0,48.45078931505936,-18.88073844311074,0,0,0,0,-94.60389303408218,-99.99999999999993,0
2.275730771324282,62.38644923608046,43.17248428846933,0,1,0,0,0,47.50652181302103,-19.87886597439335,0,0,0,0,-94.60389303408218,-99.99999999999993,0
2.285712046637108,62.85591241249758,42.96908656142863,0,1,0,0,0,46.56225431098274,-20.87699350567591,0,0,0,0,-94.60389303408218,-99.99999999999993,0
2.295693321949934,63.31595059500791,42.75572624870089,0,1,0,0,0,45.61798680894447,-21.87512103695848,0,0,0,0,-94.60389303408218,-99.99999999999993,0
2.305674597262759,63.76656378361143,42.5324033502861,0,1,0,0,0,44.67371930690618,-22.87324856824105,0,0,0,0,-94.60389303408218,-99.99999999999993,0
2.315655872575586,64.20775197830818,42.29911786618425,0,1,0,0,0,43.72945180486785,-23.87137609952365,0,0,0,0,-94.60389303408218,-99.99999999999993,0
2.325637147888411,64.63951517909811,42.05586979639538,0,1,0,0,0,42.78518430282956,-24.86950363080622,0,0,0,0,-94.60389303408218,-99.99999999999993,0
2.335618423201237,65.06185338598124,41.80265914091946,0,1,0,0,0,41.84091680079128,-25.86763116208879,0,0,0,0,-94.60389303408218,-99.99999999999993,0
2.345599698514063,65.47476659895759,41.5394858997565,0,1,0,0,0,40.89664929875295,-26.8657586933714,0,0,0,0,-94.60389303408218,-99.99999999999993,0
2.355580973826889,65.87825481802712,41.2663500729065,0,1,0,0,0,39.95238179671468,-27.86388622465396,0,0,0,0,-94.60389303408218,-99.99999999999993,0
2.365562249139714,66.27231804318986,40.98325166036945,0,1,0,0,0,39.00811429467639,-28.86201375593653,0,0,0,0,-94.60389303408218,-99.99999999999993,0
2.37554352445254,66.6569562744458,40.69019066214535,0,1,0,0,0,38.06384679263806,-29.86014128721914,0,0,0,0,-94.60389303408218,-99.99999999999993,0
2.385524799765366,67.03216951179495,40.38716707823423,0,1,0,0,0,37.11957929059977,-30.8582688185017,0,0,0,0,-94.60389303408218,-99.99999999999993,0
2.395506075078192,67.39795775523729,40.07418090863605,0,1,0,0,0,36.17531178856149,-31.85639634978427,0,0,0,0,-94.60389303408218,-99.99999999999993,0
2.405487350391017,67.75432100477282,39.75123215335084,0,1,0,0,0,35.23104428652321,-32.85452388106684,0,0,0,0,-94.60389303408218,-99.99999999999993,0
2.415468625703844,68.10125926040158,39.41832081237857,0,1,0,0,0,34.28677678448489,-33.85265141234945,0,0,0,0,-94.60389303408218,-99.99999999999993,0
2.425449901016669,68.43877252212353,39.07544688571927,0,1,0,0,0,33.3425092824466,-34.85077894363201,0,0,0,0,-94.60389303408218,-99.99999999999993,0
2.435431176329495,68.76686078993866,38.72261037337293,0,1,0,0,0,32.39824178040831,-35.84890647491459,0,0,0,0,-94.60389303408218,-99.99999999999993,0
2.445412451642321,69.08552406384703,38.35981127533954,0,1,0,0,0,31.45397427836998,-36.84703400619719,0,0,0,0,-94.60389303408218,-99.99999999999993,0
2.455393726955147,69.39476234384857,37.98704959161911,0,1,0,0,0,30.5097067763317,-37.84516153747975,0,0,0,0,-94.60389303408218,-99.99999999999993,0
2.465375002267972,69.69457562994334,37.60432532221164,0,1,0,0,0,29.56543927429341,-38.84328906876232,0,0,0,0,-94.60389303408218,-99.99999999999993,0
2.475356277580798,69.98496392213129,37.21163846711711,0,1,0,0,0,28.62117177225509,-39.84141660004494,0,0,0,0,-94.60389303408218,-99.99999999999993,0
2.485337552893624,70.26592722041245,36.80898902633557,0,1,0,0,0,27.67690427021681,-40.8395441313275,0,0,0,0,-94.60389303408218,-99.99999999999993,0
2.49531882820645,70.5374655247868,36.39637699986697,0,1,0,0,0,26.73263676817852,-41.83767166261006,0,0,0,0,-94.60389303408218,-99.99999999999993,0
2.505300103519275,70.79957883525437,35.97380238771133,0,1,0,0,0,25.78836926614024,-42.83579919389263,0,0,0,0,-94.60389303408218,-99.99999999999993,0
2.515281378832102,71.05226715181513,35.54126518986863,0,1,0,0,0,24.84410176410191,-43.83392672517525,0,0,0,0,-94.60389303408218,-99.99999999999993,0
2.525262654144927,71.29553047446909,35.09876540633891,0,1,0,0,0,23.89983426206362,-44.83205425645781,0,0,0,0,-94.60389303408218,-99.99999999999993,0
2.535243929457753,71.52936880321624,34.64630303712215,0,1,0,0,0,22.95556676002534,-45.83018178774037,0,0,0,0,-94.60389303408218,-99.99999999999993,0
2.545225204770579,71.75378213805662,34.18387808221832,0,1,0,0,0,22.01129925798701,-46.82830931902298,0,0,0,0,-94.60389303408218,-99.99999999999993,0
2.555206480083405,71.96877047899019,33.71149054162747,0,1,0,0,0,21.06703175594873,-47.82643685030554,0,0,0,0,-94.60389303408218,-99.99999999999993,0
2.56518775539623,72.17433382601695,33.22914041534958,0,1,0,0,0,20.12276425391045,-48.82456438158812,0,0,0,0,-94.60389303408218,-99.99999999999993,0
2.575169030709056,72.37047217913694,32.73682770338463,0,1,0,0,0,19.17849675187212,-49.82269191287072,0,0,0,0,-94.60389303408218,-99.99999999999993,0
2.585150306021882,72.5571855383501,32.23907776577625,0,1,0,0,0,18.23422924983383,-49.47540351685113,0,0,0,0,-94.60389303408218,99.99999999999993,0
2.595131581334708,72.73447390365648,31.75023143490493,0,1,0,0,0,17.28996174779555,-48.47727598556857,0,0,0,0,-94.60389303408218,99.99999999999993,0
2.605112856647534,72.90233727505606,31.27134768972064,0,1,0,0,0,16.34569424575722,-47.47914845428595,0,0,0,0,-94.60389303408218,99.99999999999993,0
2.61509413196036,73.06077565254883,30.80242653022341,0,1,0,0,0,15.40142674371894,-46.48102092300339,0,0,0,0,-94.60389303408218,99.99999999999993,0
2.625075407273185,73.20978903613481,30.34346795641323,0,1,0,0,0,14.45715924168066,-45.48289339172082,0,0,0,0,-94.60389303408218,99.99999999999993,0
2.635056682586011,73.34937742581398,29.89447196829008,0,1,0,0,0,13.51289173964237,-44.48476586043826,0,0,0,0,-94.60389303408218,99.99999999999993,0
2.645037957898837,73.47954082158635,29.45543856585396,0,1,0,0,0,12.56862423760404,-43.48663832915565,0,0,0,0,-94.60389303408218,99.99999999999993,0
2.655019233211663,73.60027922345195,29.02636774910491,0,1,0,0,0,11.62435673556576,-42.48851079787308,0,0,0,0,-94.60389303408218,99.99999999999993,0
2.665000508524488,73.71159263141072,28.60725951804289,0,1,0,0,0,10.68008923352748,-41.49038326659052,0,0,0,0,-94.60389303408218,99.99999999999993,0
2.674981783837314,73.81348104546272,28.1981138726679,0,1,0,0,0,9.735821731489146,-40.49225573530791,0,0,0,0,-94.60389303408218,99.99999999999993,0
2.68496305915014,73.90594446560789,27.79893081297997,0,1,0,0,0,8.791554229450867,-39.49412820402534,0,0,0,0,-94.60389303408218,99.99999999999993,0
2.694944334462966,73.98898289184629,27.40971033897908,0,1,0,0,0,7.84728672741258,-38.49600067274277,0,0,0,0,-94.60389303408218,99.99999999999993,0
2.704925609775792,74.06259632417787,27.03045245066522,0,1,0,0,0,6.903019225374251,-37.49787314146016,0,0,0,0,-94.60389303408218,99.99999999999993,0
2.714906885088618,74.12678476260267,26.66115714803841,0,1,0,0,0,5.958751723335972,-36.4997456101776,0,0,0,0,-94.60389303408218,99.99999999999993,0
2.724888160401443,74.18154820712066,26.30182443109865,0,1,0,0,0,5.014484221297685,-35.50161807889504,0,0,0,0,-94.60389303408218,99.99999999999993,0
2.734869435714269,74.22688665773185,25.95245429984593,0,1,0,0,0,4.070216719259399,-34.50349054761247,0,0,0,0,-94.60389303408218,99.99999999999993,0
2.744850711027095,74.26280011443625,25.61304675428024,0,1,0,0,0,3.12594921722107,-33.50536301632985,0,0,0,0,-94.60389303408218,99.99999999999993,0
2.754831986339921,74.28928857723385,25.2836017944016,0,1,0,0,0,2.181681715182791,-32.50723548504729,0,0,0,0,-94.60389303408218,99.99999999999993,0
2.764813261652746,74.30635204612464,24.96411942021001,0,1,0,0,0,1.237414213144504,-31.50910795376473,0,0,0,0,-94.60389303408218,99.99999999999993,0
2.774794536965572,74.31399052110865,24.65459963170545,0,1,0,0,0,0.293146711106175,-30.51098042248212,0,0,0,0,-94.60389303408218,99.99999999999993,0
2.784775812278398,74.31220400218584,24.35504242888794,0,1,0,0,0,-0.6511207909321044,-29.51285289119955,0,0,0,0,-94.60389303408218,99.99999999999993,0
2.794757087591224,74.30099248935625,24.06544781175748,0,1,0,0,0,-1.595388292970391,-28.51472535991698,0,0,0,0,-94.60389303408218,99.99999999999993,0
2.80473836290405,74.28035598261985,23.78581578031405,0,1,0,0,0,-2.53965579500872,-27.51659782863437,0,0,0,0,-94.60389303408218,99.99999999999993,0
2.814719638216876,74.25029448197665,23.51614633455766,0,1,0,0,0,-3.483923297046999,-26.51847029735181,0,0,0,0,-94.60389303408218,99.99999999999993,0
2.824700913529701,74.21080798742666,23.25643947448833,0,1,0,0,0,-4.428190799085286,-25.52034276606924,0,0,0,0,-94.60389303408218,99.99999999999993,0
2.834682188842527,74.16189649896987,23.00669520010603,0,1,0,0,0,-5.372458301123572,-24.52221523478667,0,0,0,0,-94.60389303408218,99.99999999999993,0
2.844663464155353,74.10356001660628,22.76691351141077,0,1,0,0,0,-6.316725803161894,-23.52408770350407,0,0,0,0,-94.60389303408218,99.99999999999993,0
2.854644739468179,74.03579854033589,22.53709440840256,0,1,0,0,0,-7.260993305200181,-22.5259601722215,0,0,0,0,-94.60389303408218,99.99999999999993,0
2.864626014781004,73.95861207015871,22.31723789108139,0,1,0,0,0,-8.205260807238467,-21.52783264093893,0,0,0,0,-94.60389303408218,99.99999999999993,0
2.87460729009383,73.87200060607471,22.10734395944726,0,1,0,0,0,-9.149528309276789,-20.52970510965632,0,0,0,0,-94.60389303408218,99.99999999999993,0
2.884588565406656,73.77596414808394,21.90741261350017,0,1,0,0,0,-10.09379581131508,-19.53157757837376,0,0,0,0,-94.60389303408218,99.99999999999993,0
2.894569840719482,73.67050269618635,21.71744385324013,0,1,0,0,0,-11.03806331335336,-18.53345004709119,0,0,0,0,-94.60389303408218,99.99999999999993,0
2.904551116032308,73.55561625038197,21.53743767866713,0,1,0,0,0,-11.98233081539169,-17.53532251580858,0,0,0,0,-94.60389303408218,99.99999999999993,0
2.914532391345134,73.43130481067078,21.36739408978117,0,1,0,0,0,-12.92659831742998,-16.53719498452602,0,0,0,0,-94.60389303408218,99.99999999999993,0
2.924513666657959,73.29756837705283,21.20731308658226,0,1,0,0,0,-13.87086581946825,-15.53906745324345,0,0,0,0,-94.60389303408218,99.99999999999993,0
2.934494941970785,73.15440694952804,21.05719466907039,0,1,0,0,0,-14.81513332150654,-14.54093992196088,0,0,0,0,-94.60389303408218,99.99999999999993,0
2.944476217283611,73.00182052809647,20.91703883724556,0,1,0,0,0,-15.75940082354487,-13.54281239067827,0,0,0,0,-94.60389303408218,99.99999999999993,0
2.954457492596437,72.83980911275808,20.78684559110777,0,1,0,0,0,-16.70366832558315,-12.54468485939571,0,0,0,0,-94.60389303408218,99.99999999999993,0
2.964438767909262,72.66837270351292,20.66661493065703,0,1,0,0,0,-17.64793582762144,-11.54655732811314,0,0,0,0,-94.60389303408218,99.99999999999993,0
2.974420043222088,72.48751130036094,20.55634685589332,0,1,0,0,0,-18.59220332965977,-10.54842979683053,0,0,0,0,-94.60389303408218,99.99999999999993,0
2.984401318534914,72.29722490330218,20.45604136681667,0,1,0,0,0,-19.53647083169804,-9.550302265547963,0,0,0,0,-94.60389303408218,99.99999999999993,0
2.99438259384774,72.0975135123366,20.36569846342705,0,1,0,0,0,-20.48073833373633,-8.5521747342654,0,0,0,0,-94.60389303408218,99.99999999999993,0
3.004363869160566,71.88837712746424,20.28531814572447,0,1,0,0,0,-21.42500583577466,-7.554047202982787,0,0,0,0,-94.60389303408218,99.99999999999993,0
3.014345144473392,71.66981574868507,20.21490041370894,0,1,0,0,0,-22.36927333781294,-6.555919671700224,0,0,0,0,-94.60389303408218,99.99999999999993,0
3.024326419786217,71.44182937599911,20.15444526738045,0,1,0,0,0,-23.31354083985123,-5.557792140417661,0,0,0,0,-94.60389303408218,99.99999999999993,0
3.034307695099043,71.20441800940634,20.10395270673901,0,1,0,0,0,-24.25780834188951,-4.559664609135091,0,0,0,0,-94.60389303408218,99.99999999999993,0
3.044288970411869,70.95758164890678,20.0634227317846,0,1,0,0,0,-25.20207584392784,-3.561537077852478,0,0,0,0,-94.60389303408218,99.99999999999993,0
3.054270245724695,70.70132029450042,20.03285534251724,0,1,0,0,0,-26.14634334596612,-2.563409546569915,0,0,0,0,-94.60389303408218,99.99999999999993,0
3.06425152103752,70.43563394618727,20.01225053893692,0,1,0,0,0,-27.0906108480044,-1.565282015287352,0,0,0,0,-94.60389303408218,99.99999999999993,0
3.074232796350346,70.16052260396731,20.00160832104364,0,1,0,0,0,-28.03487835004273,-0.5671544840047389,0,0,0,0,-94.60389303408218,99.99999999999993,0
3.084214071663172,69.87604157654259,20.0009286888374,0,1,0,0,0,-28.95347895602936,0.4309730472777974,0,0,0,0,-88.64832430101522,100,0
3.094195346975998,69.58263309918405,20.01021164231821,0,1,0,0,0,-29.83830228689845,1.429100578560364,0,0,0,0,-88.64832430101522,100,0
3.104176622288824,69.28039295655688,20.02945718148606,0,1,0,0,0,-30.72312561776757,2.427228109842975,0,0,0,0,-88.64832430101522,100,0
3.11415789760165,68.96932114866111,20.05866530634095,0,1,0,0,0,-31.60794894863666,3.425355641125542,0,0,0,0,-88.64832430101522,100,0
3.124139172914475,68.64941767549671,20.09783601688289,0,1,0,0,0,-32.49277227950574,4.423483172408108,0,0,0,0,-88.64832430101522,100,0
3.134120448227301,68.32068253706372,20.14696931311187,0,1,0,0,0,-33.37759561037483,5.421610703690675,0,0,0,0,-88.64832430101522,100,0
3.144101723540127,67.98311573336207,20.20606519502789,0,1,0,0,0,-34.26241894124396,6.419738234973286,0,0,0,0,-88.64832430101522,100,0
3.154082998852953,67.63671726439183,20.27512366263095,0,1,0,0,0,-35.14724227211305,7.417865766255852,0,0,0,0,-88.64832430101522,100,0
3.164064274165778,67.281487130153,20.35414471592106,0,1,0,0,0,-36.03206560298213,8.415993297538419,0,0,0,0,-88.64832430101522,100,0
3.174045549478604,66.9174253306455,20.44312835489821,0,1,0,0,0,-36.91688893385125,9.41412082882103,0,0,0,0,-88.64832430101522,100,0
3.18402682479143,66.54453186586942,20.5420745795624,0,1,0,0,0,-37.80171226472034,10.4122483601036,0,0,0,0,-88.64832430101522,100,0
3.194008100104256,66.16280673582472,20.65098338991363,0,1,0,0,0,-38.68653559558943,11.41037589138616,0,0,0,0,-88.64832430101522,100,0
3.203989375417082,65.77224994051137,20.76985478595191,0,1,0,0,0,-39.57135892645856,12.40850342266877,0,0,0,0,-88.64832430101522,100,0
3.213970650729908,65.37286147992945,20.89868876767723,0,1,0,0,0,-40.45618225732765,13.40663095395134,0,0,0,0,-88.64832430101522,100,0
3.223951926042733,64.96464135407891,21.03748533508959,0,1,0,0,0,-41.34100558819673,14.40475848523391,0,0,0,0,-88.64832430101522,100,0
3.233933201355559,64.54758956295974,21.18624448818899,0,1,0,0,0,-42.22582891906582,15.40288601651647,0,0,0,0,-88.64832430101522,100,0
3.243914476668385,64.12170610657193,21.34496622697544,0,1,0,0,0,-43.11065224993494,16.40101354779909,0,0,0,0,-88.64832430101522,100,0
3.253895751981211,63.68699098491554,21.51365055144893,0,1,0,0,0,-43.99547558080403,17.39914107908165,0,0,0,0,-88.64832430101522,100,0
3.263877027294036,63.24344419799054,21.69229746160946,0,1,0,0,0,-44.88029891167312,18.39726861036422,0,0,0,0,-88.64832430101522,100,0
3.273858302606862,62.79106574579689,21.88090695745704,0,1,0,0,0,-45.76512224254225,19.39539614164683,0,0,0,0,-88.64832430101522,100,0
3.283839577919688,62.32985562833463,22.07947903899166,0,1,0,0,0,-46.64994557341133,20.39352367292939,0,0,0,0,-88.64832430101522,100,0
3.293820853232514,61.85981384560378,22.28801370621331,0,1,0,0,0,-47.53476890428042,21.39165120421196,0,0,0,0,-88.64832430101522,100,0
3.30380212854534,61.38094039760429,22.50651095912202,0,1,0,0,0,-48.41959223514954,22.38977873549457,0,0,0,0,-88.64832430101522,100,0
3.313783403858165,60.89323528433619,22.73497079771776,0,1,0,0,0,-49.30441556601863,23.38790626677714,0,0,0,0,-88.64832430101522,100,0
3.323764679170991,60.39669850579948,22.97339322200055,0,1,0,0,0,-50.18923889688772,24.38603379805971,0,0,0,0,-88.64832430101522,100,0
3.333745954483817,59.89133006199417,23.22177823197038,0,1,0,0,0,-51.07406222775681,25.38416132934227,0,0,0,0,-88.64832430101522,100,0
3.343727229796643,59.37712995292021,23.48012582762726,0,1,0,0,0,-51.95888555862593,26.38228886062489,0,0,0,0,-88.64832430101522,100,0
3.353708505109469,58.85409817857764,23.74843600897117,0,1,0,0,0,-52.84370888949502,27.38041639190745,0,0,0,0,-88.64832430101522,100,0
3.363689780422294,58.32223473896648,24.02670877600212,0,1,0,0,0,-53.7285322203641,28.37854392319002,0,0,0,0,-88.64832430101522,100,0
3.37367105573512,57.78153963408667,24.31494412872014,0,1,0,0,0,-54.61335555123323,29.37667145447263,0,0,0,0,-88.64832430101522,100,0
3.383652331047946,57.23201286393827,24.61314206712517,0,1,0,0,0,-55.49817888210232,30.37479898575519,0,0,0,0,-88.64832430101522,100,0
3.393633606360772,56.67365442852125,24.92130259121726,0,1,0,0,0,-56.38300221297141,31.37292651703776,0,0,0,0,-88.64832430101522,100,0
3.403614881673598,56.10646432783558,25.23942570099639,0,1,0,0,0,-57.26782554384053,32.37105404832037,0,0,0,0,-88.64832430101522,100,0
3.413596156986423,55.53044256188134,25.56751139646256,0,1,0,0,0,-58.15264887470961,33.36918157960294,0,0,0,0,-88.64832430101522,100,0
3.423577432299249,54.94724615036733,25.90555967761577,0,1,0,0,0,-58.27094230916462,34.3673091108855,0,0,0,0,88.64832430101522,100,0
3.433558707612075,54.37004366507608,26.25357054445602,0,1,0,0,0,-57.38611897829553,35.36543664216807,0,0,0,0,88.64832430101522,100,0
3.443539982924901,53.80167284505342,26.61154399698333,0,1,0,0,0,-56.5012956474264,36.36356417345068,0,0,0,0,88.64832430101522,100,0
3.453521258237727,53.24213369029941,26.97948003519767,0,1,0,0,0,-55.61647231655731,37.36169170473325,0,0,0,0,88.64832430101522,100,0
3.463502533550552,52.69142620081402,27.35737865909904,0,1,0,0,0,-54.73164898568822,38.35981923601581,0,0,0,0,88.64832430101522,100,0
3.473483808863378,52.1495503765972,27.74523986868748,0,1,0,0,0,-53.8468256548191,39.35794676729842,0,0,0,0,88.64832430101522,100,0
3.483465084176204,51.61650621764904,28.14306366396295,0,1,0,0,0,-52.96200232395002,40.35607429858099,0,0,0,0,88.64832430101522,100,0
3.49344635948903,51.0922937239695,28.55085004492545,0,1,0,0,0,-52.07717899308093,41.35420182986356,0,0,0,0,88.64832430101522,100,0
3.503427634801856,50.57691289555854,28.96859901157502,0,1,0,0,0,-51.1923556622118,42.35232936114617,0,0,0,0,88.64832430101522,100,0
3.513408910114681,50.07036373241622,29.39631056391161,0,1,0,0,0,-50.30753233134271,43.35045689242874,0,0,0,0,88.64832430101522,100,0
3.523390185427507,49.57264623454252,29.83398470193524,0,1,0,0,0,-49.42270900047363,44.3485844237113,0,0,0,0,88.64832430101522,100,0
3.533371460740333,49.08376040193743,30.28162142564592,0,1,0,0,0,-48.53788566960454,45.34671195499386,0,0,0,0,88.64832430101522,100,0
3.543352736053159,48.60370623460093,30.73922073504366,0,1,0,0,0,-47.65306233873542,46.34483948627648,0,0,0,0,88.64832430101522,100,0
3.553334011365985,48.13248373253308,31.20678263012842,0,1,0,0,0,-46.76823900786633,47.34296701755905,0,0,0,0,88.64832430101522,100,0
3.56331528667881,47.67009289573384,31.68430711090022,0,1,0,0,0,-45.88341567699725,48.34109454884161,0,0,0,0,88.64832430101522,100,0
3.573296561991636,47.2165337242032,32.17174288821191,0,1,0,0,0,-44.99859234612811,49.19598919677654,0,0,0,0,88.64832430101522,-100,0
3.583277837304462,46.7718062179412,32.65780030782821,0,1,0,0,0,-44.11376901525903,48.19786166549398,0,0,0,0,88.64832430101522,-100,0
3.593259112617288,46.33591037694781,33.13389514175747,0,1,0,0,0,-43.22894568438994,47.19973413421141,0,0,0,0,88.64832430101522,-100,0
3.603240387930114,45.90884620122301,33.60002738999971,0,1,0,0,0,-42.34412235352082,46.2016066029288,0,0,0,0,88.64832430101522,-100,0
3.613221663242939,45.49061369076685,34.05619705255489,0,1,0,0,0,-41.45929902265173,45.20347907164624,0,0,0,0,88.64832430101522,-100,0
3.623202938555765,45.08121284557931,34.50240412942303,0,1,0,0,0,-40.57447569178264,44.20535154036367,0,0,0,0,88.64832430101522,-100,0
3.633184213868591,44.68064366566038,34.93864862060411,0,1,0,0,0,-39.68965236091356,43.2072240090811,0,0,0,0,88.64832430101522,-100,0
3.643165489181417,44.28890615101005,35.36493052609818,0,1,0,0,0,-38.80482903004443,42.20909647779849,0,0,0,0,88.64832430101522,-100,0
3.653146764494243,43.90600030162835,35.78124984590519,0,1,0,0,0,-37.92000569917534,41.21096894651592,0,0,0,0,88.64832430101522,-100,0
3.663128039807068,43.53192611751528,36.18760658002515,0,1,0,0,0,-37.03518236830625,40.21284141523336,0,0,0,0,88.64832430101522,-100,0
3.673109315119894,43.1666835986708,36.58400072845809,0,1,0,0,0,-36.15035903743713,39.21471388395075,0,0,0,0,88.64832430101522,-100,0
3.68309059043272,42.81027274509495,36.97043229120396,0,1,0,0,0,-35.26553570656804,38.21658635266818,0,0,0,0,88.64832430101522,-100,0
3.693071865745546,42.46269355678772,37.3469012682628,0,1,0,0,0,-34.38071237569896,37.21845882138561,0,0,0,0,88.64832430101522,-100,0
3.703053141058372,42.12394603374909,37.71340765963461,0,1,0,0,0,-33.49588904482983,36.220331290103,0,0,0,0,88.64832430101522,-100,0
3.713034416371197,41.79403017597909,38.06995146531936,0,1,0,0,0,-32.61106571396074,35.22220375882043,0,0,0,0,88.64832430101522,-100,0
3.723015691684023,41.4729459834777,38.41653268531707,0,1,0,0,0,-31.72624238309166,34.22407622753786,0,0,0,0,88.64832430101522,-100,0
3.732996966996849,41.16069345624494,38.75315131962773,0,1,0,0,0,-30.84141905222257,33.2259486962553,0,0,0,0,88.64832430101522,-100,0
3.742978242309675,40.85727259428077,39.07980736825137,0,1,0,0,0,-29.95659572135344,32.2278211649727,0,0,0,0,88.64832430101522,-100,0
3.752959517622501,40.56268339758524,39.39650083118796,0,1,0,0,0,-29.07177239048436,31.22969363369013,0,0,0,0,88.64832430101522,-100,0
3.762940792935326,40.27692586615832,39.70323170843749,0,1,0,0,0,-28.18694905961527,30.23156610240756,0,0,0,0,88.64832430101522,-100,0
3.772922068248152,40,40,0,1,0,0,0,-27.30212572874617,29.23343857112496,0,0,0,0,88.64832430101522,-100,0
